{
  "biomarker": "Creatinine (mg/dL)",
  "timestamp": "20250918_192538",
  "methodology": "advanced_climate_health",
  "advanced_features": true,
  "ensemble_modeling": true,
  "hyperparameter_optimization": true,
  "results": {
    "biomarker": "Creatinine (mg/dL)",
    "n_train": 992,
    "n_test": 249,
    "n_features": 214,
    "timestamp": "2025-09-18T19:26:18.267307",
    "ensemble_results": {
      "lightgbm": {
        "r2": -0.07922954427226547,
        "mae": 0.12870164929888575,
        "rmse": 0.16876162152921273
      },
      "xgboost": {
        "r2": -0.10060407201612676,
        "mae": 0.12986746349487902,
        "rmse": 0.17042462001538883
      },
      "neural_network": {
        "r2": -1.6306782296991646,
        "mae": 0.20777457052745535,
        "rmse": 0.26348181237923096
      },
      "elastic_net": {
        "r2": -0.11177682202962735,
        "mae": 0.13181460721919938,
        "rmse": 0.17128746602594053
      },
      "ensemble_simple": {
        "r2": -0.1533681972156291,
        "mae": 0.13491707475268713,
        "rmse": 0.17446196622032728
      },
      "ensemble_weighted": {
        "r2": -0.1533681972156291,
        "mae": 0.13491707475268713,
        "rmse": 0.17446196622032728,
        "weights": [
          0,
          0,
          0,
          0
        ]
      },
      "best_model": "lightgbm",
      "best_r2": -0.07922954427226547,
      "models_trained": [
        "lightgbm",
        "xgboost",
        "neural_network",
        "elastic_net"
      ]
    },
    "optimized_params": {
      "lightgbm": {
        "best_params": {
          "num_leaves": 26,
          "learning_rate": 0.012394645819309616,
          "feature_fraction": 0.6264862390373778,
          "bagging_fraction": 0.7923377955601753,
          "bagging_freq": 4,
          "min_child_samples": 35,
          "reg_alpha": 1.4980685911965335,
          "reg_lambda": 1.2432191730796769
        },
        "best_score": -0.03854717545828912,
        "n_trials": 30
      },
      "xgboost": {
        "best_params": {
          "max_depth": 3,
          "learning_rate": 0.01030113584346962,
          "n_estimators": 95,
          "subsample": 0.695941986062862,
          "colsample_bytree": 0.6151578808323328,
          "reg_alpha": 0.419262856447876,
          "reg_lambda": 1.2567563310751206
        },
        "best_score": -0.041948736679548425,
        "n_trials": 30
      }
    },
    "stratified_results": {
      "cool_zone": {
        "r2": 0.05169303225416788,
        "mae": 0.13303857124165663,
        "n_train": 264,
        "n_test": 67,
        "n_features": 210
      },
      "moderate_zone": {
        "r2": -0.19177363398801095,
        "mae": 0.13202167806827314,
        "n_train": 264,
        "n_test": 66,
        "n_features": 210
      },
      "warm_zone": {
        "r2": -0.0888874675306186,
        "mae": 0.16505294568436432,
        "n_train": 264,
        "n_test": 67,
        "n_features": 210
      },
      "winter_model": {
        "r2": -0.06398603970813643,
        "mae": 0.15720896246467866,
        "n_train": 240,
        "n_test": 60,
        "n_features": 210
      },
      "spring_model": {
        "r2": -0.07741436581922878,
        "mae": 0.14837881736436181,
        "n_train": 172,
        "n_test": 43,
        "n_features": 210
      },
      "summer_model": {
        "r2": -0.11488437206685442,
        "mae": 0.13559842128347577,
        "n_train": 133,
        "n_test": 34,
        "n_features": 210
      },
      "autumn_model": {
        "r2": -0.14640010198560827,
        "mae": 0.1440597384462885,
        "n_train": 248,
        "n_test": 62,
        "n_features": 210
      }
    },
    "best_model": "lightgbm",
    "best_r2": -0.07922954427226547,
    "feature_names": [
      "temperature",
      "humidity",
      "wind_speed",
      "heat_index",
      "temperature_max",
      "temperature_min",
      "temperature_range",
      "humidity_max",
      "humidity_min",
      "wind_gust",
      "heat_index_max",
      "heat_index_min",
      "apparent_temp",
      "wet_bulb_temp",
      "temperature_tas_lag0",
      "temperature_tas_lag1",
      "temperature_tas_lag2",
      "temperature_tas_lag3",
      "temperature_tas_lag5",
      "temperature_tas_lag7",
      "temperature_tas_lag10",
      "temperature_tas_lag14",
      "temperature_tas_lag21",
      "land_temp_tas_lag0",
      "land_temp_tas_lag1",
      "land_temp_tas_lag2",
      "land_temp_tas_lag3",
      "land_temp_tas_lag5",
      "land_temp_tas_lag7",
      "land_temp_tas_lag10",
      "land_temp_tas_lag14",
      "land_temp_tas_lag21",
      "wind_ws_lag0",
      "wind_ws_lag1",
      "wind_ws_lag2",
      "wind_ws_lag3",
      "wind_ws_lag5",
      "wind_ws_lag7",
      "wind_ws_lag10",
      "wind_ws_lag14",
      "wind_ws_lag21",
      "heat_index_lag0",
      "utci_lag0",
      "apparent_temp_lag0",
      "moderate_heat_stress_lag0",
      "strong_heat_stress_lag0",
      "very_strong_heat_stress_lag0",
      "extreme_heat_event_lag0",
      "heat_index_lag1",
      "utci_lag1",
      "apparent_temp_lag1",
      "moderate_heat_stress_lag1",
      "strong_heat_stress_lag1",
      "very_strong_heat_stress_lag1",
      "extreme_heat_event_lag1",
      "heat_index_lag2",
      "utci_lag2",
      "apparent_temp_lag2",
      "moderate_heat_stress_lag2",
      "strong_heat_stress_lag2",
      "very_strong_heat_stress_lag2",
      "extreme_heat_event_lag2",
      "heat_index_lag3",
      "utci_lag3",
      "apparent_temp_lag3",
      "moderate_heat_stress_lag3",
      "strong_heat_stress_lag3",
      "very_strong_heat_stress_lag3",
      "extreme_heat_event_lag3",
      "heat_index_lag5",
      "utci_lag5",
      "apparent_temp_lag5",
      "moderate_heat_stress_lag5",
      "strong_heat_stress_lag5",
      "very_strong_heat_stress_lag5",
      "extreme_heat_event_lag5",
      "heat_index_lag7",
      "utci_lag7",
      "apparent_temp_lag7",
      "moderate_heat_stress_lag7",
      "strong_heat_stress_lag7",
      "very_strong_heat_stress_lag7",
      "extreme_heat_event_lag7",
      "heat_index_lag10",
      "utci_lag10",
      "apparent_temp_lag10",
      "moderate_heat_stress_lag10",
      "strong_heat_stress_lag10",
      "very_strong_heat_stress_lag10",
      "extreme_heat_event_lag10",
      "heat_index_lag14",
      "utci_lag14",
      "apparent_temp_lag14",
      "moderate_heat_stress_lag14",
      "strong_heat_stress_lag14",
      "very_strong_heat_stress_lag14",
      "extreme_heat_event_lag14",
      "heat_index_lag21",
      "utci_lag21",
      "apparent_temp_lag21",
      "moderate_heat_stress_lag21",
      "strong_heat_stress_lag21",
      "very_strong_heat_stress_lag21",
      "extreme_heat_event_lag21",
      "temp_mean_3d",
      "temp_max_3d",
      "temp_min_3d",
      "temp_range_3d",
      "temp_variability_3d",
      "cooling_degree_days_3d",
      "heating_degree_days_3d",
      "heat_exposure_days_3d",
      "extreme_heat_days_3d",
      "heat_index_mean_3d",
      "heat_index_max_3d",
      "utci_mean_3d",
      "utci_max_3d",
      "temp_mean_5d",
      "temp_max_5d",
      "temp_min_5d",
      "temp_range_5d",
      "temp_variability_5d",
      "cooling_degree_days_5d",
      "heating_degree_days_5d",
      "heat_exposure_days_5d",
      "extreme_heat_days_5d",
      "heat_index_mean_5d",
      "heat_index_max_5d",
      "utci_mean_5d",
      "utci_max_5d",
      "temp_mean_7d",
      "temp_max_7d",
      "temp_min_7d",
      "temp_range_7d",
      "temp_variability_7d",
      "cooling_degree_days_7d",
      "heating_degree_days_7d",
      "heat_exposure_days_7d",
      "extreme_heat_days_7d",
      "heat_index_mean_7d",
      "heat_index_max_7d",
      "utci_mean_7d",
      "utci_max_7d",
      "temp_mean_14d",
      "temp_max_14d",
      "temp_min_14d",
      "temp_range_14d",
      "temp_variability_14d",
      "cooling_degree_days_14d",
      "heating_degree_days_14d",
      "heat_exposure_days_14d",
