{
  "biomarker": "systolic blood pressure",
  "timestamp": "20250918_192538",
  "methodology": "advanced_climate_health",
  "advanced_features": true,
  "ensemble_modeling": true,
  "hyperparameter_optimization": true,
  "results": {
    "biomarker": "systolic blood pressure",
    "n_train": 3510,
    "n_test": 878,
    "n_features": 214,
    "timestamp": "2025-09-18T19:29:06.991125",
    "ensemble_results": {
      "lightgbm": {
        "r2": 0.9990255387682919,
        "mae": 0.2531479628387206,
        "rmse": 0.42047880249208913
      },
      "xgboost": {
        "r2": 0.9998922438825439,
        "mae": 0.0186030446532647,
        "rmse": 0.1398243442839641
      },
      "neural_network": {
        "r2": 0.9503476771928404,
        "mae": 1.964872742206667,
        "rmse": 3.00145342760896
      },
      "elastic_net": {
        "r2": 0.9958212803623567,
        "mae": 0.6598005345225049,
        "rmse": 0.8707298657552709
      },
      "ensemble_simple": {
        "r2": 0.9963805780632072,
        "mae": 0.5527679366799132,
        "rmse": 0.8103664098681846
      },
      "ensemble_weighted": {
        "r2": 0.9965988065609216,
        "mae": 0.537245222187657,
        "rmse": 0.7855566151882785,
        "weights": [
          0.2532328449427496,
          0.2534525372261712,
          0.24089398783237104,
          0.2524206299987082
        ]
      },
      "best_model": "xgboost",
      "best_r2": 0.9998922438825439,
      "models_trained": [
        "lightgbm",
        "xgboost",
        "neural_network",
        "elastic_net"
      ]
    },
    "optimized_params": {
      "lightgbm": {
        "best_params": {
          "num_leaves": 74,
          "learning_rate": 0.046135188554289545,
          "feature_fraction": 0.9942054661792199,
          "bagging_fraction": 0.981719067909564,
          "bagging_freq": 7,
          "min_child_samples": 16,
          "reg_alpha": 1.162265523863961,
          "reg_lambda": 0.18102387996993982
        },
        "best_score": 0.9890060173586283,
        "n_trials": 30
      },
      "xgboost": {
        "best_params": {
          "max_depth": 8,
          "learning_rate": 0.1933289545471448,
          "n_estimators": 73,
          "subsample": 0.6729104447507028,
          "colsample_bytree": 0.9974444880928566,
          "reg_alpha": 0.06466659343878334,
          "reg_lambda": 0.6620226367835595
        },
        "best_score": 0.9963097216374434,
        "n_trials": 30
      }
    },
    "stratified_results": {
      "cool_zone": {
        "r2": 0.9996534434976432,
        "mae": 0.17618490505494208,
        "n_train": 936,
        "n_test": 234,
        "n_features": 211
      },
      "moderate_zone": {
        "r2": 0.9996651349298309,
        "mae": 0.15911055961343093,
        "n_train": 936,
        "n_test": 234,
        "n_features": 211
      },
      "warm_zone": {
        "r2": 0.9997146187039206,
        "mae": 0.14820821033626394,
        "n_train": 936,
        "n_test": 234,
        "n_features": 211
      },
      "winter_model": {
        "r2": 0.9994611168327879,
        "mae": 0.21681067690252326,
        "n_train": 431,
        "n_test": 108,
        "n_features": 211
      },
      "spring_model": {
        "r2": 0.9993327378411703,
        "mae": 0.23246503330316323,
        "n_train": 457,
        "n_test": 115,
        "n_features": 211
      },
      "summer_model": {
        "r2": 0.9998846078603589,
        "mae": 0.09465870490157038,
        "n_train": 1375,
        "n_test": 344,
        "n_features": 211
      },
      "autumn_model": {
        "r2": 0.9950413467502772,
        "mae": 0.3288288119669775,
        "n_train": 544,
        "n_test": 136,
        "n_features": 211
      }
    },
    "best_model": "xgboost",
    "best_r2": 0.9998922438825439,
    "feature_names": [
      "systolic blood pressure",
      "diastolic blood pressure",
      "temperature",
      "humidity",
      "wind_speed",
      "heat_index",
      "temperature_max",
      "temperature_min",
      "temperature_range",
      "humidity_max",
      "humidity_min",
      "wind_gust",
      "heat_index_max",
      "heat_index_min",
      "apparent_temp",
      "wet_bulb_temp",
      "temperature_tas_lag0",
      "temperature_tas_lag1",
      "temperature_tas_lag2",
      "temperature_tas_lag3",
      "temperature_tas_lag5",
      "temperature_tas_lag7",
      "temperature_tas_lag10",
      "temperature_tas_lag14",
      "temperature_tas_lag21",
      "land_temp_tas_lag0",
      "land_temp_tas_lag1",
      "land_temp_tas_lag2",
      "land_temp_tas_lag3",
      "land_temp_tas_lag5",
      "land_temp_tas_lag7",
      "land_temp_tas_lag10",
      "land_temp_tas_lag14",
      "land_temp_tas_lag21",
      "wind_ws_lag0",
      "wind_ws_lag1",
      "wind_ws_lag2",
      "wind_ws_lag3",
      "wind_ws_lag5",
      "wind_ws_lag7",
      "wind_ws_lag10",
      "wind_ws_lag14",
      "wind_ws_lag21",
      "heat_index_lag0",
      "utci_lag0",
      "apparent_temp_lag0",
      "moderate_heat_stress_lag0",
      "strong_heat_stress_lag0",
      "very_strong_heat_stress_lag0",
      "extreme_heat_event_lag0",
      "heat_index_lag1",
      "utci_lag1",
      "apparent_temp_lag1",
      "moderate_heat_stress_lag1",
      "strong_heat_stress_lag1",
      "very_strong_heat_stress_lag1",
      "extreme_heat_event_lag1",
      "heat_index_lag2",
      "utci_lag2",
      "apparent_temp_lag2",
      "moderate_heat_stress_lag2",
      "strong_heat_stress_lag2",
      "very_strong_heat_stress_lag2",
      "extreme_heat_event_lag2",
      "heat_index_lag3",
      "utci_lag3",
      "apparent_temp_lag3",
      "moderate_heat_stress_lag3",
      "strong_heat_stress_lag3",
      "very_strong_heat_stress_lag3",
      "extreme_heat_event_lag3",
      "heat_index_lag5",
      "utci_lag5",
      "apparent_temp_lag5",
      "moderate_heat_stress_lag5",
      "strong_heat_stress_lag5",
      "very_strong_heat_stress_lag5",
      "extreme_heat_event_lag5",
      "heat_index_lag7",
      "utci_lag7",
      "apparent_temp_lag7",
      "moderate_heat_stress_lag7",
      "strong_heat_stress_lag7",
      "very_strong_heat_stress_lag7",
      "extreme_heat_event_lag7",
      "heat_index_lag10",
      "utci_lag10",
      "apparent_temp_lag10",
      "moderate_heat_stress_lag10",
      "strong_heat_stress_lag10",
      "very_strong_heat_stress_lag10",
      "extreme_heat_event_lag10",
      "heat_index_lag14",
      "utci_lag14",
      "apparent_temp_lag14",
      "moderate_heat_stress_lag14",
      "strong_heat_stress_lag14",
      "very_strong_heat_stress_lag14",
      "extreme_heat_event_lag14",
      "heat_index_lag21",
      "utci_lag21",
      "apparent_temp_lag21",
      "moderate_heat_stress_lag21",
      "strong_heat_stress_lag21",
      "very_strong_heat_stress_lag21",
      "extreme_heat_event_lag21",
      "temp_mean_3d",
      "temp_max_3d",
      "temp_min_3d",
      "temp_range_3d",
      "temp_variability_3d",
      "cooling_degree_days_3d",
      "heating_degree_days_3d",
      "heat_exposure_days_3d",
      "extreme_heat_days_3d",
      "heat_index_mean_3d",
      "heat_index_max_3d",
      "utci_mean_3d",
      "utci_max_3d",
      "temp_mean_5d",
      "temp_max_5d",
      "temp_min_5d",
      "temp_range_5d",
      "temp_variability_5d",
      "cooling_degree_days_5d",
      "heating_degree_days_5d",
      "heat_exposure_days_5d",
      "extreme_heat_days_5d",
      "heat_index_mean_5d",
      "heat_index_max_5d",
      "utci_mean_5d",
      "utci_max_5d",
      "temp_mean_7d",
      "temp_max_7d",
      "temp_min_7d",
      "temp_range_7d",
      "temp_variability_7d",
      "cooling_degree_days_7d",
      "heating_degree_days_7d",
      "heat_exposure_days_7d",
      "extreme_heat_days_7d",
      "heat_index_mean_7d",
      "heat_index_max_7d",
      "utci_mean_7d",
      "utci_max_7d",
      "temp_mean_14d",
      "temp_max_14d",
      "temp_min_14d",
      "temp_range_14d",
      "temp_variability_14d",
