{
  "biomarker": "Hemoglobin (g/dL)",
  "timestamp": "20250918_192538",
  "methodology": "advanced_climate_health",
  "advanced_features": true,
  "ensemble_modeling": true,
  "hyperparameter_optimization": true,
  "results": {
    "biomarker": "Hemoglobin (g/dL)",
    "n_train": 1004,
    "n_test": 251,
    "n_features": 219,
    "timestamp": "2025-09-18T19:27:09.445620",
    "ensemble_results": {
      "lightgbm": {
        "r2": -0.07353447099727917,
        "mae": 1.5170388003090207,
        "rmse": 1.959219793245345
      },
      "xgboost": {
        "r2": -0.04250381265938885,
        "mae": 1.5163343710728376,
        "rmse": 1.9306964079040805
      },
      "neural_network": {
        "r2": -0.484340928133594,
        "mae": 1.7223448449949437,
        "rmse": 2.3037852525632996
      },
      "elastic_net": {
        "r2": -0.029379844775314634,
        "mae": 1.4995885399788857,
        "rmse": 1.918505253843476
      },
      "ensemble_simple": {
        "r2": -0.06311868658039943,
        "mae": 1.4900819308542759,
        "rmse": 1.949692129470766
      },
      "ensemble_weighted": {
        "r2": -0.06311868658039943,
        "mae": 1.4900819308542759,
        "rmse": 1.949692129470766,
        "weights": [
          0,
          0,
          0,
          0
        ]
      },
      "best_model": "elastic_net",
      "best_r2": -0.029379844775314634,
      "models_trained": [
        "lightgbm",
        "xgboost",
        "neural_network",
        "elastic_net"
      ]
    },
    "optimized_params": {
      "lightgbm": {
        "best_params": {
          "num_leaves": 75,
          "learning_rate": 0.030406860807528233,
          "feature_fraction": 0.6265946258897893,
          "bagging_fraction": 0.5322004286381007,
          "bagging_freq": 3,
          "min_child_samples": 86,
          "reg_alpha": 1.6093780164719118,
          "reg_lambda": 0.7587857176556203
        },
        "best_score": -0.026619721751245457,
        "n_trials": 30
      },
      "xgboost": {
        "best_params": {
          "max_depth": 8,
          "learning_rate": 0.012839623048720659,
          "n_estimators": 50,
          "subsample": 0.777886155074675,
          "colsample_bytree": 0.6980611206045033,
          "reg_alpha": 0.7160598320534698,
          "reg_lambda": 1.9468191498033596
        },
        "best_score": -0.030308068594119497,
        "n_trials": 30
      }
    },
    "stratified_results": {
      "cool_zone": {
        "r2": -0.12899348760936724,
        "mae": 1.5117246449505715,
        "n_train": 268,
        "n_test": 67,
        "n_features": 215
      },
      "moderate_zone": {
        "r2": -0.0784237436180042,
        "mae": 1.7723524216913042,
        "n_train": 267,
        "n_test": 67,
        "n_features": 215
      },
      "warm_zone": {
        "r2": -0.16326350124310318,
        "mae": 1.4636969133565798,
        "n_train": 268,
        "n_test": 67,
        "n_features": 215
      },
      "winter_model": {
        "r2": -0.00272213809157007,
        "mae": 1.4705318228469382,
        "n_train": 240,
        "n_test": 61,
        "n_features": 215
      },
      "spring_model": {
        "r2": -0.11723409366265147,
        "mae": 1.588698857156254,
        "n_train": 180,
        "n_test": 45,
        "n_features": 215
      },
      "summer_model": {
        "r2": -0.34857907911422625,
        "mae": 1.6615013671833287,
        "n_train": 130,
        "n_test": 33,
        "n_features": 215
      },
      "autumn_model": {
        "r2": -0.10126888646242005,
        "mae": 1.5077745300183685,
        "n_train": 252,
        "n_test": 63,
        "n_features": 215
      }
    },
    "best_model": "elastic_net",
    "best_r2": -0.029379844775314634,
    "feature_names": [
      "temperature",
      "humidity",
      "wind_speed",
      "heat_index",
      "temperature_max",
      "temperature_min",
      "temperature_range",
      "humidity_max",
      "humidity_min",
      "wind_gust",
      "heat_index_max",
      "heat_index_min",
      "apparent_temp",
      "wet_bulb_temp",
      "temperature_tas_lag0",
      "temperature_tas_lag1",
      "temperature_tas_lag2",
      "temperature_tas_lag3",
      "temperature_tas_lag5",
      "temperature_tas_lag7",
      "temperature_tas_lag10",
      "temperature_tas_lag14",
      "temperature_tas_lag21",
      "land_temp_tas_lag0",
      "land_temp_tas_lag1",
      "land_temp_tas_lag2",
      "land_temp_tas_lag3",
      "land_temp_tas_lag5",
      "land_temp_tas_lag7",
      "land_temp_tas_lag10",
      "land_temp_tas_lag14",
      "land_temp_tas_lag21",
      "wind_ws_lag0",
      "wind_ws_lag1",
      "wind_ws_lag2",
      "wind_ws_lag3",
      "wind_ws_lag5",
      "wind_ws_lag7",
      "wind_ws_lag10",
      "wind_ws_lag14",
      "wind_ws_lag21",
      "heat_index_lag0",
      "utci_lag0",
      "apparent_temp_lag0",
      "moderate_heat_stress_lag0",
      "strong_heat_stress_lag0",
      "very_strong_heat_stress_lag0",
      "extreme_heat_event_lag0",
      "heat_index_lag1",
      "utci_lag1",
      "apparent_temp_lag1",
      "moderate_heat_stress_lag1",
      "strong_heat_stress_lag1",
      "very_strong_heat_stress_lag1",
      "extreme_heat_event_lag1",
      "heat_index_lag2",
      "utci_lag2",
      "apparent_temp_lag2",
      "moderate_heat_stress_lag2",
      "strong_heat_stress_lag2",
      "very_strong_heat_stress_lag2",
      "extreme_heat_event_lag2",
      "heat_index_lag3",
      "utci_lag3",
      "apparent_temp_lag3",
      "moderate_heat_stress_lag3",
      "strong_heat_stress_lag3",
      "very_strong_heat_stress_lag3",
      "extreme_heat_event_lag3",
      "heat_index_lag5",
      "utci_lag5",
      "apparent_temp_lag5",
      "moderate_heat_stress_lag5",
      "strong_heat_stress_lag5",
      "very_strong_heat_stress_lag5",
      "extreme_heat_event_lag5",
      "heat_index_lag7",
      "utci_lag7",
      "apparent_temp_lag7",
      "moderate_heat_stress_lag7",
      "strong_heat_stress_lag7",
      "very_strong_heat_stress_lag7",
      "extreme_heat_event_lag7",
      "heat_index_lag10",
      "utci_lag10",
      "apparent_temp_lag10",
      "moderate_heat_stress_lag10",
      "strong_heat_stress_lag10",
      "very_strong_heat_stress_lag10",
      "extreme_heat_event_lag10",
      "heat_index_lag14",
      "utci_lag14",
      "apparent_temp_lag14",
      "moderate_heat_stress_lag14",
      "strong_heat_stress_lag14",
      "very_strong_heat_stress_lag14",
      "extreme_heat_event_lag14",
      "heat_index_lag21",
      "utci_lag21",
      "apparent_temp_lag21",
      "moderate_heat_stress_lag21",
      "strong_heat_stress_lag21",
      "very_strong_heat_stress_lag21",
      "extreme_heat_event_lag21",
      "temp_mean_3d",
      "temp_max_3d",
      "temp_min_3d",
      "temp_range_3d",
      "temp_variability_3d",
      "cooling_degree_days_3d",
      "heating_degree_days_3d",
      "heat_exposure_days_3d",
      "extreme_heat_days_3d",
      "heat_index_mean_3d",
      "heat_index_max_3d",
      "utci_mean_3d",
      "utci_max_3d",
      "temp_mean_5d",
      "temp_max_5d",
      "temp_min_5d",
      "temp_range_5d",
      "temp_variability_5d",
      "cooling_degree_days_5d",
      "heating_degree_days_5d",
      "heat_exposure_days_5d",
      "extreme_heat_days_5d",
      "heat_index_mean_5d",
      "heat_index_max_5d",
      "utci_mean_5d",
      "utci_max_5d",
      "temp_mean_7d",
      "temp_max_7d",
      "temp_min_7d",
      "temp_range_7d",
      "temp_variability_7d",
      "cooling_degree_days_7d",
      "heating_degree_days_7d",
      "heat_exposure_days_7d",
      "extreme_heat_days_7d",
      "heat_index_mean_7d",
      "heat_index_max_7d",
      "utci_mean_7d",
      "utci_max_7d",
      "temp_mean_14d",
      "temp_max_14d",
      "temp_min_14d",
      "temp_range_14d",
      "temp_variability_14d",
      "cooling_degree_days_14d",
      "heating_degree_days_14d",
      "heat_exposure_days_14d",
